pipeline,comparison,algo_a,algo_b,mean_diff,t_stat,df,p_two_sided,p_one_sided,n,tail
B,PPO vs Equal_Weight,PPO,Equal_Weight,-0.05340000000000004,-1.0590863940829434,5,0.33801882109707754,0.8309905894514612,6,greater
B,DQN vs Equal_Weight,DQN,Equal_Weight,-0.015083333333333318,-0.2079259612583094,5,0.8434907700266338,0.5782546149866832,6,greater
B,MktCap_Weight vs Equal_Weight,MktCap_Weight,Equal_Weight,0.5241166666666667,3.6395609189060028,5,0.01491033931856142,0.00745516965928071,6,greater
B,PPO vs DQN,PPO,DQN,-0.03831666666666673,-0.7358596008590621,5,0.49486575158069623,,6,two_sided
